{"cameraMode":{"drawMode":0,"name":"Shaded","section":"Shading Mode"},"sceneLighting":true,"audioPlay":false,"sceneViewState":{"showFog":true,"showMaterialUpdate":false,"showSkybox":true,"showFlares":true,"showImageEffects":true,"showParticleSystems":true},"in2DMode":false,"pivot":{"x":0.22100019454956056,"y":0.0,"z":4.71999979019165},"rotation":{"x":0.02959834598004818,"y":0.07698700577020645,"z":0.0022878372110426428,"w":-0.9965900182723999},"size":14.283273696899414,"orthographic":false}